name,description,color,lat,lon,img,link,bastina,podbastina
Agronomski fakultet,Visokoškolska i znanstvena ustanova u sastavu Sveučilišta u Zagrebu.,blue,12,234.3353,https://turing.lzmk.hr/tehnika/wp-content/uploads/2021/02/HTE2_1624.jpg,https://turing.lzmk.hr/tehnika/agronomski-fakultet-u-zagrebu/,Ustanove,Akademije
Belišće d. d.,Drvnoindustrijsko poduzeće osnovano 1884. kao obiteljsko poduzeće S. H. Gutmann u Belišću.,blue,45.687670133808055,18.407785208850402,https://turing.lzmk.hr/tehnika/wp-content/uploads/2019/10/HTE2_0244.jpg,https://turing.lzmk.hr/tehnika/belisce-belisce/,Poduzeća,
Borovo d. d.,"Poduzeće za proizvodnju i promet obuće, gumarskih i ostalih proizvoda, osnovano 1931. između Vukovara i sela Borova.",blue,45.37434150970419,18.968900675390234,https://turing.lzmk.hr/tehnika/wp-content/uploads/2019/10/HTE2_0202.jpg,https://turing.lzmk.hr/tehnika/borovo-d-d/,Poduzeća,
Brodarski institut,"Javna znanstvena ustanova za teorijska i eksperimentalna istraživanja, radove na razvoju brodograđevne industrije, brodarstvo i ratnu mornaricu, osnovana u Zagrebu 1948. kao Brodarski naučni institut.",blue,45.77430194911946,15.979583130829898,https://turing.lzmk.hr/tehnika/wp-content/uploads/2018/02/HTE_0840.jpg,https://turing.lzmk.hr/tehnika/brodarski-institut/,Ustanove,Instituti
Brodogradilište Kraljevica,Brodogradilište osnovano u Kraljevici 1729.,blue,45.26839772784608,14.570450242329624,https://turing.lzmk.hr/tehnika/wp-content/uploads/2018/01/HTE_0185.jpg,https://turing.lzmk.hr/tehnika/brodogradiliste-kraljevica/,Poduzeća,
Brodosplit d. d.,"Jedno od najvećih hrvatskih brodogradilišta, osnovano 1931. u Splitu.",blue,43.524966684715444,16.440485326943147,https://turing.lzmk.hr/tehnika/wp-content/uploads/2018/01/HTE_0672.jpg,https://turing.lzmk.hr/tehnika/brodosplit-d-d/,Poduzeća,
Cedevita d. o. o.,"Poduzeće za proizvodnju instantnoga vitaminskog napitka, sa sjedištem u Zagrebu.",blue,45.80977493566972,16.01595236379047,https://turing.lzmk.hr/tehnika/wp-content/uploads/2020/03/HTE2_0587.jpg,https://turing.lzmk.hr/tehnika/cedevita/,Poduzeća,
Čakovečki mlinovi d. d.,"Prehrambeno poduzeće osnovano 1893. u Čakovcu, kojemu su najznačajnije djelatnosti mlinarstvo, pekarstvo i proizvodnja bučina ulja.",blue,46.3858374099012,16.435924610879525,https://turing.lzmk.hr/tehnika/wp-content/uploads/2019/05/HTE2_0029.jpg,https://turing.lzmk.hr/tehnika/cakovecki-mlinovi-cakovec/,Poduzeća,
Dukat d. d.,Poduzeće za preradbu mlijeka i proizvodnju mliječnih proizvoda.,blue,45.799191156398955,16.029468373106674,https://turing.lzmk.hr/tehnika/wp-content/uploads/2021/11/HTE2_2567.jpg,https://turing.lzmk.hr/tehnika/dukat-d-d/,Poduzeća,
Đuro Đaković Grupa d. d.,"Poduzeće za proizvodnju opreme za industrijska i energetska postrojenja, čeličnih konstrukcija, tračničkih i borbenih oklopnih vozila, poljoprivrednih i građevinskih strojeva i dr., osnovano 1921. sa sjedištem u Slavonskome Brodu.",blue,45.164574353092696,18.01588814652543,https://turing.lzmk.hr/tehnika/wp-content/uploads/2018/11/HTE_1198.jpg,https://turing.lzmk.hr/tehnika/duro-dakovic-holding-d-d/,Poduzeća,
Ekomuzej batana,"Ekomuzej u Rovinju, koji se bavi istraživanjem, prezentacijom i zaštitom maritimne baštine grada Rovinja, a posebice tradicijske brodice  batane.",blue,45.08162719910572,13.632870870809702,https://turing.lzmk.hr/tehnika/wp-content/uploads/2018/02/HTE_0695.jpg,https://turing.lzmk.hr/tehnika/ekomuzej-batana/,Muzeji,Specijalizirani – etnografski
Etnografski muzej,"Muzej koji prikuplja, čuva, muzeološki obrađuje, istražuje i izlaže predmete tradicijske kulture.",blue,45.8083652593855,15.969116245007458,https://turing.lzmk.hr/tehnika/wp-content/uploads/2021/05/HTE2_2000.jpg,https://turing.lzmk.hr/tehnika/etnografski-muzej/,Muzeji,
Fakultet prometnih znanosti,"Visokoškolska i znanstvena ustanova u sastavu Sveučilišta u Zagrebu osnovana 1984. koja obuhvaća sveučilišne i stručne preddiplomske i diplomske studijske programe u području prometa, inteligentnih transportnih sustava i zrakoplovstva, te omogućava stjecanje doktorata znanosti u području tehnologija prometa i transporta.",blue,45.814483844035955,16.00938667390238,https://turing.lzmk.hr/tehnika/wp-content/uploads/2018/11/HTE_1229.jpg,https://turing.lzmk.hr/tehnika/fakultet-prometnih-znanosti/,Ustanove,Visokoškolske ustanove
Fakultet strojarstva i brodogradnje,"Visokoškolska i znanstvenoistraživačka ustanova u sastavu Sveučilišta u Zagrebu osnovana 1956. koja obuhvaća sveučilišne preddiplomske i diplomske studije strojarstva, brodogradnje i zrakoplovstva te poslijediplomski doktorski i specijalistički studij.",blue,45.79529589553911,15.9713451399085,https://turing.lzmk.hr/tehnika/wp-content/uploads/2018/11/HTE_1179.jpg,https://turing.lzmk.hr/tehnika/fakultet-strojarstva-i-brodogradnje-u-zagrebu/,Ustanove,Visokoškolske ustanove
Farmaceutsko-biokemijski fakultet,"Visokoškolska i znanstvenoistraživačka ustanova Sveučilišta u Zagrebu, koja izvodi sveučilišne studije u znanstvenom polju farmacije (grane farmacije i medicinske biokemije) te u Hrvatskoj predstavlja središte znanstvenog i stručnog razvoja polja.",blue,45.808628578554774,15.97583129992046,https://turing.lzmk.hr/tehnika/wp-content/uploads/2021/10/HTE2_2360.jpg,https://turing.lzmk.hr/tehnika/farmaceutsko-biokemijski-fakultet-u-zagrebu/,Ustanove,Visokoškolske ustanove
Franck d. d.,Prehrambeno-industrijsko poduzeće sa sjedištem u Zagrebu.,blue,45.809975385282016,15.948343021854685,https://turing.lzmk.hr/tehnika/wp-content/uploads/2020/11/HTE2_1192.jpg,https://turing.lzmk.hr/tehnika/franck-d-d/,Poduzeća,
Gallerion,"Privatna galerija stalnoga postava posvećena povijesti pomorstva i pomorskih ratova na Jadranskom i Sredozemnom moru, otvorena 2007. u Novigradu u Istri.",blue,45.31667369030383,13.56005290788288,https://turing.lzmk.hr/tehnika/wp-content/uploads/2018/11/HTE_1206.jpg,https://turing.lzmk.hr/tehnika/gallerion/,Muzeji,
Gavrilović d. o. o.,Prehrambeno poduzeće osnovano 1821. u Petrinji.,blue,45.44196872498993,16.29139345448619,https://turing.lzmk.hr/tehnika/wp-content/uploads/2020/09/HTE2_0893.jpg,https://turing.lzmk.hr/tehnika/gavrilovic-d-o-o/,Poduzeća,
Grafički fakultet,Visokoškolska i znanstvenoistraživačka ustanova Sveučilišta u Zagrebu.,blue,45.80585633222477,16.029696671188237,https://turing.lzmk.hr/tehnika/wp-content/uploads/2021/10/HTE2_2335.jpg,https://turing.lzmk.hr/tehnika/graficki-fakultet-u-zagrebu/,Ustanove,
Hrvatska akademija znanosti i umjetnosti,"Najviša kulturna i znanstvena ustanova u RH, kojoj je cilj poticanje, organiziranje i promicanje znanstvenog i umjetničkoga rada, osnovana 1861. u Zagrebu.",blue,45.80912943696045,15.978559840093187,https://turing.lzmk.hr/tehnika/wp-content/uploads/2019/07/zg_0756.jpg,https://turing.lzmk.hr/tehnika/hrvatska-akademija-znanosti-i-umjetnosti/,Ustanove,Akademije
Hrvatski geološki institut,Institut u području geoznanosti i geološkog inženjerstva u RH sa sjedištem u Zagrebu.,blue,45.795587121924235,16.008440513874657,https://turing.lzmk.hr/tehnika/wp-content/uploads/2021/10/HTE2_2415.jpg,https://turing.lzmk.hr/tehnika/hrvatski-geoloski-institut/,Ustanove,
Hrvatski hidrografski institut,"Javna ustanova za obavljanje hidrografske djelatnosti od interesa za RH, koja od 1929. djeluje u Splitu.",blue,43.52233074789719,16.431999168528375,https://turing.lzmk.hr/tehnika/wp-content/uploads/2018/04/HTE_0986.jpg,https://turing.lzmk.hr/tehnika/hrvatski-hidrografski-institut/,Ustanove,Instituti
Hrvatski pomorski muzej Split,"Specijalizirani muzej koji se bavi istraživanjem, prikupljanjem, čuvanjem i prezentacijom pomorske baštine hrvatske obale Jadrana osnovan 1997. u Splitu, a sljednik je tradicije splitske pomorske muzeologije od 1925.",blue,43.50864745128436,16.44771613895599,https://turing.lzmk.hr/tehnika/wp-content/uploads/2018/11/HTE_1247.jpg,https://turing.lzmk.hr/tehnika/hrvatski-pomorski-muzej-split/,Muzeji,Specijalizirani – ostalo
Hrvatski šumarski institut,"Javna znanstvena institucija za znanstvena, razvojna i visokostručna istraživanja iz znanstvenog područja biotehničkih znanosti, znanstvenog polja šumarstva, sa sjedištem u Jastrebarskom.",blue,45.66887737712144,15.643917759290416,https://turing.lzmk.hr/tehnika/wp-content/uploads/2021/03/HTE2_1831.jpg,https://turing.lzmk.hr/tehnika/hrvatski-sumarski-institut/,Ustanove,
Hrvatski željeznički muzej,"Specijalizirani tehnički muzej državnoga djelokruga koji se bavi prikupljanjem, čuvanjem, zaštitom, obnovom i prezentacijom željezničkih vozila, strojeva, uređaja, arhivskog i drugoga gradiva, vezanih uz nastanak i razvoj željeznice u Hrvatskoj, osnovan u Zagrebu 1991.",blue,45.80088664471089,15.984330907387566,https://turing.lzmk.hr/tehnika/wp-content/uploads/2018/11/HTE_1217.jpg,https://turing.lzmk.hr/tehnika/hrvatski-zeljeznicki-muzej/,Muzeji,Specijalizirani – tehnički
HT muzej,"Specijalizirani muzej pošte i telekomunikacija, osnovan 1953. pod nazivom PTT muzej u sastavu poduzeća PTT Zagreb (HP − Hrvatska pošta), sa sjedištem u Zagrebu.",blue,45.8125035815471,15.981225530647919,https://turing.lzmk.hr/tehnika/wp-content/uploads/2018/11/zg_1087.jpg,https://turing.lzmk.hr/tehnika/ht-muzej/,Muzeji,Specijalizirani – ostalo
Iločki podrumi d. d.,"Poduzeće za uzgoj vinove loze i proizvodnju vina osnovano u Iloku, s tradicijom iz 1450.",blue,45.224808791441,19.360763146205958,https://turing.lzmk.hr/tehnika/wp-content/uploads/2021/09/HTE2_2260.jpg,https://turing.lzmk.hr/tehnika/ilocki-podrumi-ilok/,Poduzeća,
Imunološki zavod,Javna zdravstvena ustanova s vlastitom proizvodnjom imunoloških pripravaka.,blue,45.82906869928887,15.981405410119184,https://turing.lzmk.hr/tehnika/wp-content/uploads/2021/10/HTE2_2430.jpg,https://turing.lzmk.hr/tehnika/imunoloski-zavod-zagreb/,Ustanove,Zavodi
Institut za jadranske kulture i melioraciju krša,Znanstvenoistraživačka ustanova koja se bavi istraživačkim projektima te stjecanjem i prenošenjem znanja na području biotehničkih znanosti.,blue,43.5046265446402,16.49918078172216,https://turing.lzmk.hr/tehnika/wp-content/uploads/2021/09/HTE2_2269.jpg,https://turing.lzmk.hr/tehnika/institut-za-jadranske-kulture-i-melioraciju-krsa/,Ustanove,
Institut za poljoprivredu i turizam,"Znanstvenoistraživačka ustanova koja se, zbog ostvarivanja gospodarskog, ekološkog i sociološkog održivog razvoja ruralnog prostora, bavi stjecanjem i prenošenjem znanja na području poljoprivrede i turizma.",blue,45.22138901767147,13.602617822298882,https://turing.lzmk.hr/tehnika/wp-content/uploads/2022/04/HTE2_3037.jpg,https://turing.lzmk.hr/tehnika/institut-za-poljoprivredu-i-turizam-porec/,Ustanove,
Istarski ugljenokopi Raša,Rudarsko poduzeće koje je nakon II. svj. rata obuhvaćalo niz rudnika u zajedničku proizvodno tehnološku cjelinu.,blue,45.07995523624343,14.087052781033774,https://turing.lzmk.hr/tehnika/wp-content/uploads/2020/07/IE_0930.jpg,https://turing.lzmk.hr/tehnika/istarski-ugljenokopi-rasa/,Poduzeća,
Jamnica plus d. o. o.,"Poduzeće za proizvodnju i prodaju mineralne vode, osnovano 1828. u Zagrebu.",blue,45.80452427465609,16.031632896033727,https://turing.lzmk.hr/tehnika/wp-content/uploads/2022/01/HTE2_2785.jpg,https://turing.lzmk.hr/tehnika/jamnica/,Poduzeća,
Karlovačka pivovara,Poduzeće za proizvodnju piva i bezalkoholnih pića osnovano 1854. u Karlovcu.,blue,45.498240230365774,15.529586283616998,https://turing.lzmk.hr/tehnika/wp-content/uploads/2019/11/HTE2_0299.jpg,https://turing.lzmk.hr/tehnika/karlovacka-pivovara-d-d/,Poduzeća,
Kemijsko-tehnološki fakultet u Splitu,Visokoškolska i znanstvenoistraživačka ustanova Sveučilišta u Splitu.,blue,43.51203810814663,16.468716778517482,https://turing.lzmk.hr/tehnika/wp-content/uploads/2021/11/HTE2_2554.jpg,https://turing.lzmk.hr/tehnika/kemijsko-tehnoloski-fakultet-u-splitu/,Ustanove,Visokoškolske ustanove
Klesarska škola Pučišća,Klesarska srednja škola na Braču osnovana 1909.,blue,43.34883852083723,16.733641527564412,https://turing.lzmk.hr/tehnika/wp-content/uploads/2021/10/HTE2_2539.jpg,https://turing.lzmk.hr/tehnika/klesarska-skola-pucisce/,Ustanove,
Kraš d. d.,Poduzeće za proizvodnju konditorskih proizvoda; jedan od vodećih konditorskih proizvođača u jugoistočnoj Europi.,blue,45.820573785431414,16.03084223975173,https://turing.lzmk.hr/tehnika/wp-content/uploads/2021/10/HTE2_2454.jpg,https://turing.lzmk.hr/tehnika/kras-d-d/,Poduzeća,
Kulturno-povijesni muzej u Dubrovniku,"Jedan od četiriju specijaliziranih muzeja (sastavnica) ustanove Dubrovački muzeji, koja je osnovana 1872. kao Domorodni muzej.",blue,42.64037279716487,18.110746434134196,https://turing.lzmk.hr/tehnika/wp-content/uploads/2018/11/HTE_1316.jpg,https://turing.lzmk.hr/tehnika/kulturno-povijesni-muzej-u-dubrovniku/,Muzeji,Opći – gradski
Kutjevo d. d.,"Poduzeće za proizvodnju i promet poljoprivrednih i prehrambenih proizvoda, osnovano u Kutjevu, s tradicijom iz 1232.",blue,45.4223855089108,17.88053284386474,https://turing.lzmk.hr/tehnika/wp-content/uploads/2021/11/HTE2_2581.jpg,https://turing.lzmk.hr/tehnika/kutjevo-kutjevo/,Poduzeća,
Ledo plus d. o. o.,Tvornica za proizvodnju i promet sladoleda i smrznute hrane.,blue,45.80433907734598,16.0377838342922,https://turing.lzmk.hr/tehnika/wp-content/uploads/2022/01/HTE2_2759.jpg,https://turing.lzmk.hr/tehnika/ledo/,Poduzeća,
Luka Ploče d. d.,Lučko poduzeće osnovano 1945. sa sjedištem u Pločama.,blue,43.04923888989817,17.432224345190726,https://turing.lzmk.hr/tehnika/wp-content/uploads/2018/11/HTE_1509.jpg,https://turing.lzmk.hr/tehnika/luka-ploce/,Poduzeća,
Luka Rijeka d. d.,"Najveće hrvatsko lučko poduzeće, osnovano 1947. kao državno, odn. društveno poduzeće; od 2001. posluje kao dioničko društvo.",blue,45.32715527498513,14.437254703791705,https://turing.lzmk.hr/tehnika/wp-content/uploads/2018/11/HTE_1377.jpg,https://turing.lzmk.hr/tehnika/luka-rijeka-d-d/,Poduzeća,
Luka Split,"Lučki kompleks koji čine pomorsko-putnička luka uz gradsko središte Splita (od 1999. u sklopu poduzeća Trajektna luka Split d. d.) te teretna luka u Vranjičkoj i Solinskoj uvali, tj. Kaštelanskom zaljevu (od 2004. u sklopu poduzeća Luka Split d. d.).",blue,43.50297321221736,16.441724567620113,https://turing.lzmk.hr/tehnika/wp-content/uploads/2018/11/HTE_1453.jpg,https://turing.lzmk.hr/tehnika/luka-split/,Poduzeća,
Maraska d. d.,"Poduzeće za proizvodnju i promet alkoholnih i bezalkoholnih pića, osnovano 1768. u Zadru.",blue,44.102474814867925,15.26078147031028,https://turing.lzmk.hr/tehnika/wp-content/uploads/2021/11/HTE2_2610.jpg,https://turing.lzmk.hr/tehnika/maraska/,Poduzeća,
Mardešić d. o. o.,"Tvornica za preradu ribe, osnovana 1905. u Salima na Dugom otoku.",blue,43.93484215239557,15.167468529099265,https://turing.lzmk.hr/tehnika/wp-content/uploads/2019/12/HTE2_0378.jpg,https://turing.lzmk.hr/tehnika/mardesic-sali/,Poduzeća,
Memorijalni centar Faust Vrančić,"Javna ustanova u kulturi u Prvić Luci na otoku Prviću posvećena životu i djelu Fausta Vrančića te zaštiti i očuvanju otočne kulturne baštine i tradicije, koju je 2012. osnovao Grad Vodice.",blue,43.72412740284711,15.800420808185688,https://turing.lzmk.hr/tehnika/wp-content/uploads/2018/11/HTE_1333.jpg,https://turing.lzmk.hr/tehnika/memorijalni-centar-faust-vrancic/,Muzeji,
Memorijalni centar Domovinskog rata Vukovar,"Javna ustanova posvećena Domovinskomu ratu i Vukovarskoj bitki, koju je 2014. osnovalo Ministarstvo branitelja RH.",blue,45.338306420366834,19.004089095812603,https://turing.lzmk.hr/tehnika/wp-content/uploads/2018/05/HTE_0967.jpg,https://turing.lzmk.hr/tehnika/memorijalni-muzej-domovinskog-rata-vukovar/,Muzeji,
Metalurški fakultet,Visokoškolska i znanstvenoistraživačka ustanova u sastavu Sveučilišta u Zagrebu osnovana 1979.,blue,45.47145655946138,16.371655368409584,https://turing.lzmk.hr/tehnika/wp-content/uploads/2021/11/HTE2_2566.jpg,https://turing.lzmk.hr/tehnika/metalurski-fakultet-u-sisku/,Ustanove,Visokoškolske ustanove
Mirna d. d.,"Tvornica za lov, preradbu i promet ribom i ribljim prerađevinama, osnovana 1877. u Rovinju.",blue,45.08549374781157,13.64076862377119,https://turing.lzmk.hr/tehnika/wp-content/uploads/2019/07/HTE2_0121.jpg,https://turing.lzmk.hr/tehnika/mirna-d-d/,Poduzeća,
Muzej hrvatskog vatrogastva,"Specijalizirani tehnički muzej koji prikazuje tehnički razvoj opreme i napredovanje vatrogasne organizacije, osnovan 1994. u Varaždinu.",blue,46.31192448017361,16.33808490422564,https://turing.lzmk.hr/tehnika/wp-content/uploads/2018/11/HTE_1355.jpg,https://turing.lzmk.hr/tehnika/muzej-hrvatskog-vatrogastva-varazdin/,Muzeji,Specijalizirani – tehnički
Muzej karlovačkog vatrogastva 1871,"Zbirka predmeta iz povijesti vatrogastva u XIX. i XX. st. na području Karlovca, otvorena za javnost 2009. u Karlovcu.",blue,45.49588056028246,15.558354457778028,https://turing.lzmk.hr/tehnika/wp-content/uploads/2018/11/HTE_1363.jpg,https://turing.lzmk.hr/tehnika/muzej-karlovackog-vatrogastva/,Muzeji,
Muzej policije,"Specijaliziran muzej u Zagrebu koji se bavi prikupljanjem, čuvanjem, zaštitom i izlaganjem materijalne baštine hrvatskih redarstvenih snaga, osnovan 2001. pri Ministarstvu unutarnjih poslova (MUP) RH.",blue,45.8363238362529,16.027461525444117,https://turing.lzmk.hr/tehnika/wp-content/uploads/2018/03/HTE_0880.jpg,https://turing.lzmk.hr/tehnika/muzej-policije/,Muzeji,Specijalizirani – ostalo
Muzej prehrane Podravka,Specijalizirani tehnički muzej osnovan 1982. u Koprivnici.,blue,46.15402251866051,16.824113352894088,https://turing.lzmk.hr/tehnika/wp-content/uploads/2022/01/HTE2_2710.jpg,https://turing.lzmk.hr/tehnika/muzej-prehrane-podravka/,Muzeji,Specijalizirani – tehnički
Muzej seljačkih buna,"Specijalizirani muzej koji prikuplja i prikazuje građu vezanu uz seljačke bune, život plemića i seljaka te predmete iz kulturne, povijesne i umjetničke baštine Hrvatskoga zagorja, osnovan 1973. u Gornjoj Stubici.",blue,45.98462623323019,16.0164682586571,https://turing.lzmk.hr/tehnika/wp-content/uploads/2017/12/HTE_0120.jpg,https://turing.lzmk.hr/tehnika/muzej-seljackih-buna-zbirka-oruzja-i-opreme/,Muzeji,Specijalizirani – povijesni
Dvor Trakošćan,"Specijalizirani povijesni muzej smješten u dvorcu Trakošćan, osnovan 1953.",blue,46.25773648816021,15.945094062553785,https://turing.lzmk.hr/tehnika/wp-content/uploads/2018/05/HTE_0952.jpg,https://turing.lzmk.hr/tehnika/dvor-trakoscan-zbirka-oruzja/,Muzeji,Specijalizirani – povijesni
Muzej za umjetnost i obrt,Kulturno-povijesni i umjetnički muzej u Zagrebu.,blue,45.809315975804374,15.968593855091282,https://turing.lzmk.hr/tehnika/wp-content/uploads/2021/06/HTE2_2058.jpg,https://turing.lzmk.hr/tehnika/muzej-za-umjetnost-i-obrt/,Muzeji,
Petrokemija d. d.,"Poduzeće za proizvodnju i promet čađa, glina i mineralnih gnojiva.",blue,45.47127346046217,16.79450826950426,https://turing.lzmk.hr/tehnika/wp-content/uploads/2020/06/HTE2_0725.jpg,https://turing.lzmk.hr/tehnika/petrokemija-d-d/,Poduzeća,
Pliva d. d.,Farmaceutsko poduzeće sa sjedištem u Zagrebu.,blue,45.8117547268995,15.936884807061407,https://turing.lzmk.hr/tehnika/wp-content/uploads/2022/02/HTE2_2862.jpg,https://turing.lzmk.hr/tehnika/pliva-d-d/,Poduzeća,
Podravka d. d.,Prehrambeno i farmaceutsko poduzeće.,blue,46.167049997710535,16.82347354221304,https://turing.lzmk.hr/tehnika/wp-content/uploads/2019/07/HTE2_0093.jpg,https://turing.lzmk.hr/tehnika/podravka-d-d/,Poduzeća,
Politehnika Pula,"Visokoškolska ustanova osnovana 2000. pod nazivom Visoka tehnička škola u Puli – Politehnički studij, koja provodi studije iz politehnike, mehatronike i upravljanja procesima.",blue,44.871329035584374,13.842563585362495,https://turing.lzmk.hr/tehnika/wp-content/uploads/2018/11/HTE_1261.jpg,https://turing.lzmk.hr/tehnika/politehnika-pula/,Ustanove,Visokoškolske ustanove
Poljoprivredni institut Osijek,Javni znanstveni institut iz znanstvenog područja biotehničkih znanosti koji zahvaljujući vlastitom znanstveno-istraživačkom radu pronalazi inovativna rješenja čime pridonosi biljnoj znanosti i poljoprivrednoj proizvodnji.,blue,45.540645375931796,18.7359870513683,https://turing.lzmk.hr/tehnika/wp-content/uploads/2021/05/HTE2_1973.jpg,https://turing.lzmk.hr/tehnika/poljoprivredni-institut-osijek/,Ustanove,
Pomorski fakultet u Rijeci,Visokoškolska i znanstvena ustanova u sastavu Sveučilišta u Rijeci osnovana 1949. kao Viša pomorska škola.,blue,45.33033473877609,14.436155477180098,https://turing.lzmk.hr/tehnika/wp-content/uploads/2018/11/HTE_1372.jpg,https://turing.lzmk.hr/tehnika/pomorski-fakultet-u-rijeci/,Ustanove,Visokoškolske ustanove
Pomorski fakultet u Splitu,"Visokoškolska i znanstvena ustanova u sastavu Sveučilišta u Splitu osnovana 2003. koja obuhvaća sveučilišne preddiplomske i diplomske studijske programe u području pomorstva i pomorskoga prometa, omogućuje stjecanje doktorata znanosti u suradnji s Pomorskim fakultetom iz Rijeke, te razvija znanstveni i stručni rad.",blue,43.512429525095484,16.46879158740644,https://turing.lzmk.hr/tehnika/wp-content/uploads/2018/11/HTE_1411.jpg,https://turing.lzmk.hr/tehnika/pomorski-fakultet-u-splitu/,Ustanove,Visokoškolske ustanove
Pomorski i povijesni muzej Hrvatskog primorja Rijeka,"Muzej koji se bavi istraživanjem, prikupljanjem, čuvanjem i prezentacijom pomorske baštine Primorsko-goranske županije i grada Rijeke.",blue,45.32941889780606,14.442519105141923,https://turing.lzmk.hr/tehnika/wp-content/uploads/2017/12/HTE_0064.jpg,https://turing.lzmk.hr/tehnika/pomorski-i-povijesni-muzej-hrvatskog-primorja-rijeka/,Muzeji,Opći – nacionalni
Pomorski muzej u Dubrovniku,"Specijalizirani muzej koji prikuplja, obrađuje, izlaže i objavljuje muzejsku građu iz pomorske prošlosti dubrovačkoga kraja od antičkih vremena do suvremene povijesti, osnovan 1949.",blue,42.6399383977158,18.112236152119763,https://turing.lzmk.hr/tehnika/wp-content/uploads/2018/11/PAH_1467.jpg,https://turing.lzmk.hr/tehnika/pomorski-muzej-u-dubrovniku/,Muzeji,Specijalizirani – ostalo
Pomorski muzej Orebić,"Specijalizirani muzej osnovan 1957., koji predstavlja pomorsku, gospodarsku i kulturnu prošlost Orebića, Pelješca i Dubrovačko-neretvanske županije.",blue,42.97417821036983,17.17951433161277,https://turing.lzmk.hr/tehnika/wp-content/uploads/2018/11/HTE_1413.jpg,https://turing.lzmk.hr/tehnika/pomorski-muzej-orebic/,Muzeji,Specijalizirani – ostalo
Zavod za povijesne znanosti Hrvatske akademije znanosti i umjetnosti u Zadru,"Dio Akademije posvećen sustavnom istraživanju povijesti grada Zadra i njegove šire okolice, osnovan 1954. u Zadru kao Institut Jugoslavenske akademije znanosti i umjetnosti.",blue,44.12196890725307,15.22545358907958,https://turing.lzmk.hr/tehnika/wp-content/uploads/2018/11/HTE_1690.jpg,https://turing.lzmk.hr/tehnika/zavod-za-povijesne-znanosti-hrvatske-akademije-znanosti-i-umjetnosti-u-zadru/,Muzeji,
Povijesni i pomorski muzej Istre,"Javna muzejska ustanova koja se bavi poviješću Istre i grada Pule srednjega i novoga vijeka, osnovana 1955. u Puli kao Muzej narodnooslobodilačke borbe Istre.",blue,44.87046560948597,13.845535866912442,https://turing.lzmk.hr/tehnika/wp-content/uploads/2018/11/HTE_1436.jpg,https://turing.lzmk.hr/tehnika/povijesni-i-pomorski-muzej-istre-u-puli/,Muzeji,Specijalizirani – povijesni
Prehrambeno-biotehnološki fakultet,Visokoškolska i znanstvenoistraživačka ustanova u sastavu Sveučilišta u Zagrebu.,blue,45.8068432141573,15.964283934002522,https://turing.lzmk.hr/tehnika/wp-content/uploads/2021/03/HTE2_1718.jpg,https://turing.lzmk.hr/tehnika/prehrambeno-biotehnoloski-fakultet-u-zagrebu/,Ustanove,
Prehrambeno-tehnološki fakultet Osijek,Visokoškolska i znanstvenoistraživačka ustanova Sveučilišta u Osijeku.,blue,45.56063632338563,18.69353720698288,https://turing.lzmk.hr/tehnika/wp-content/uploads/2022/01/HTE2_2672.jpg,https://turing.lzmk.hr/tehnika/prehrambeno-tehnoloski-fakultet-osijek/,Ustanove,
Ribarska zbirka Komiža,"Dio Ribarskoga muzeja u Komiži na otoku Visu otvorenog 1986., koja predstavlja komišku ribarsku brodicu, gajetu falkušu.",blue,43.043925443849965,16.088391292824628,,https://turing.lzmk.hr/tehnika/ribarska-zbirka-komiza/,Muzeji,
Rimac Automobili d. o. o.,"Tvrtka za proizvodnju električnih vozila i proizvoda te pružanje usluga u automobilskoj industriji, osnovana 2009. sa sjedištem u Svetoj Nedelji.",blue,45.80057280570508,15.791542980363223,https://turing.lzmk.hr/tehnika/wp-content/uploads/2017/12/HTE_0679.jpg,https://turing.lzmk.hr/tehnika/rimac-automobili/,Poduzeća,
Rudarsko-geološko-naftni fakultet,Visokoškolska i znanstvenoistraživačka ustanova u sastavu Sveučilišta u Zagrebu osnovana 1964.,blue,45.806871370690615,15.964236450998001,https://turing.lzmk.hr/tehnika/wp-content/uploads/2022/03/HTE2_2931.jpg,https://turing.lzmk.hr/tehnika/rudarsko-geolosko-naftni-fakultet-u-zagrebu/,Ustanove,Visokoškolske ustanove
Saponia d. d.,"Poduzeće za proizvodnju deterdženata, proizvoda za osobnu higijenu i sredstava za čišćenje u kućanstvu i industriji.",blue,45.554575756628225,18.72086556438031,https://turing.lzmk.hr/tehnika/wp-content/uploads/2020/02/HTE2_0293.jpg,https://turing.lzmk.hr/tehnika/saponia-d-d/,Poduzeća,
Sardina d.o.o.,"Poduzeće za uzgoj, ulov i preradbu ribe koje je 1907. u Postirama na Braču osnovao bečki industrijalac Carl Warhanek.",blue,43.37068508723901,16.62258772010149,https://turing.lzmk.hr/tehnika/wp-content/uploads/2021/01/HTE2_1379.jpg,https://turing.lzmk.hr/tehnika/sardina-postira/,Poduzeća,
Spačva d. d.,Drvnoindustrijsko poduzeće osnovano u Vinkovcima 1956.,blue,45.29521202351881,18.78252354434626,https://turing.lzmk.hr/tehnika/wp-content/uploads/2022/03/HTE2_2926.jpg,https://turing.lzmk.hr/tehnika/spacva-vinkovci/,Poduzeća,
Spin Valis d. d.,"Drvnoinustrijsko poduzeće iz Požege, osnovano 1950.",blue,45.33872805739109,17.689033791465466,https://turing.lzmk.hr/tehnika/wp-content/uploads/2022/03/HTE2_2944.jpg,https://turing.lzmk.hr/tehnika/spin-valis-pozega/,Poduzeća,
Strojarski fakultet u Slavonskom Brodu,"Visokoškolska i znanstvena ustanova u sastavu Sveučilišta Josipa Jurja Strossmayera u Osijeku, osnovana 1962.",blue,45.15526678140587,18.022074793670118,https://turing.lzmk.hr/tehnika/wp-content/uploads/2017/12/HTE_0578.jpg,https://turing.lzmk.hr/tehnika/strojarski-fakultet-u-slavonskom-brodu/,Ustanove,Visokoškolske ustanove
Sveučilište u Dubrovniku,"Visokoobrazovna ustanova osnovana 2003. u Dubrovniku koja provodi sveučilišne i stručne preddiplomske studije, sveučilišne i specijalističke diplomske studije te međusveučilišne poslijediplomske studije iz područja tehničkih, prirodnih i društvenih znanosti.",blue,42.644118133305945,18.100283442859254,https://turing.lzmk.hr/tehnika/wp-content/uploads/2017/12/HTE_0535.jpg,https://turing.lzmk.hr/tehnika/sveuciliste-u-dubrovniku/,Ustanove,Visokoškolske ustanove
Sveučilište u Zadru,"Visokoškolska ustanova, osnovana 2002. u Zadru, koja izvodi 33 preddiplomska studij, 41 diplomski studij, dva integrirana preddiplomska i diplomska studija, jedan specijalistički poslijediplomski studij i sedam doktorskih studija.",blue,44.11143321010067,15.226072898575552,https://turing.lzmk.hr/tehnika/wp-content/uploads/2018/11/HTE_1521.jpg,https://turing.lzmk.hr/tehnika/sveuciliste-u-zadru/,Ustanove,Visokoškolske ustanove
Fakultet šumarstva i drvne tehnologije,Visokoškolska i znanstvenoistraživačka ustanova Sveučilišta u Zagrebu.,blue,45.824691291762456,16.029936897691343,https://turing.lzmk.hr/tehnika/wp-content/uploads/2021/04/HTE2_1832.jpg,https://turing.lzmk.hr/tehnika/sumarski-fakultet-u-zagrebu/,Ustanove,Visokoškolske ustanove
Šumarski muzej Bošnjaci,Specijalizirani regionalni prirodoslovni muzej koji se bavi prezentacijom šumarske baštine.,blue,45.049524863603956,18.756137510531683,https://turing.lzmk.hr/tehnika/wp-content/uploads/2021/02/HTE2_1597.jpg,https://turing.lzmk.hr/tehnika/sumarski-muzej-bosnjaci/,Muzeji,
Šumarski muzej Krasno,Specijalizirani regionalni prirodoslovni muzej koji se bavi prezentacijom šumarske baštine.,blue,44.82020583797662,15.070530907350465,https://turing.lzmk.hr/tehnika/wp-content/uploads/2020/07/HTE2_0792.jpg,https://turing.lzmk.hr/tehnika/sumarski-muzej-krasno/,Muzeji,
Tehnički fakultet u Rijeci,"Visokoškolska i znanstvena ustanova, osnovana 1960., koja obuhvaća sveučilišne i stručne preddiplomske studijske programe i sveučilišne diplomske studijske programe u području strojarstva, brodogradnje, elektrotehnike i računarstva te omogućuje stjecanje doktorata znanosti u području tehničkih znanosti, polja strojarstva, brodogradnje i elektrotehnike, te temeljnih i interdisciplinarnih tehničkih znanosti.",blue,45.33754135700983,14.42583679135106,https://turing.lzmk.hr/tehnika/wp-content/uploads/2017/12/HTE_0579.jpg,https://turing.lzmk.hr/tehnika/tehnicki-fakultet-u-rijeci/,Ustanove,Visokoškolske ustanove
Tehnički muzej Nikola Tesla,Nacionalni muzej znanosti i tehnike osnovan 1954. u Zagrebu kao Tehnički muzej.,blue,45.804188177464944,15.963986210463203,https://turing.lzmk.hr/tehnika/wp-content/uploads/2019/05/HTE4_0002.jpg,https://turing.lzmk.hr/tehnika/tehnicki-muzej-nikola-tesla/,Muzeji,Specijalizirani – tehnički
Tekstilno-tehnološki fakultet,"Visokoškolska i znanstvenoistraživačka ustanova Sveučilišta u Zagrebu, koja izvodi sveučilišne studije u znanstvenom polju tekstilne tehnologije (područje tehničkih znanosti).",blue,45.81220411742675,15.936992779477777,https://turing.lzmk.hr/tehnika/wp-content/uploads/2022/01/HTE2_2693.jpg,https://turing.lzmk.hr/tehnika/tekstilno-tehnoloski-fakultet-u-zagrebu/,Ustanove,
TOZ Penkala d. d (Tvornica olovaka Zagreb),Poduzeće za proizvodnju školskog i uredskog pribora osnovano 1937. godine.,blue,45.810111340728454,15.917010865967637,https://turing.lzmk.hr/tehnika/wp-content/uploads/2021/01/HTE2_1432.jpg,https://turing.lzmk.hr/tehnika/toz/,Poduzeća,
Tvornica duhana Rovinj d. o. o.,Poduzeće za proizvodnju duhanskih proizvoda.,blue,45.07929143425115,13.639176651253317,https://turing.lzmk.hr/tehnika/wp-content/uploads/2022/01/HTE2_2649.jpg,https://turing.lzmk.hr/tehnika/tvornica-duhana-rovinj-d-d/,Poduzeća,
Uljanik d. d.,"Grupa društava brodograđevne industrije u Puli, sljednik brodogradilišta osnovanoga 1856. kao Pomorski arsenal (K. u. k. Kriegsmarine See Arsenal – Carski i kraljevski pomorski arsenal ratne mornarice).",blue,44.87338240061368,13.836657667391837,https://turing.lzmk.hr/tehnika/wp-content/uploads/2017/12/HTE_0678.jpg,https://turing.lzmk.hr/tehnika/uljanik-brodogradiliste-d-d/,Poduzeća,
Varteks d. d.,"Poduzeće za proizvodnju i prodaju odjeće, utemeljeno 1918. u Varaždinu; najveće hrvatsko tekstilno poduzeće.",blue,46.29424985631695,16.34238301779328,https://turing.lzmk.hr/tehnika/wp-content/uploads/2020/03/HTE2_0484.jpg,https://turing.lzmk.hr/tehnika/varteks-d-d/,Poduzeća,
Veleučilište Hrvatsko Zagorje Krapina,"Visokoobrazovna ustanova koja provodi tri preddiplomska stručna studija: Informatika, Prometna logistika i Operativni menadžment.",blue,46.16262863875801,15.870005455234153,https://turing.lzmk.hr/tehnika/wp-content/uploads/2018/11/HTE_1673.jpg,https://turing.lzmk.hr/tehnika/veleuciliste-hrvatsko-zagorje-krapina/,Ustanove,Visokoškolske ustanove
Veleučilište Nikola Tesla u Gospiću,"Visokoobrazovna ustanova, osnovana 2006. u Gospiću koja izvodi preddiplomske stručne studije Ekonomika poduzetništva, Cestovni promet i Upravni studij.",blue,44.54557910901413,15.372735579867888,https://turing.lzmk.hr/tehnika/wp-content/uploads/2018/11/HTE_1637.jpg,https://turing.lzmk.hr/tehnika/veleuciliste-nikola-tesla-u-gospicu/,Ustanove,Visokoškolske ustanove
Veleučilište u Karlovcu,"Visokoobrazovna ustanova osnovana 1997. koja provodi osam preddiplomskih stručnih studija: Lovstvo i zaštita prirode, Mehatronika, Prehrambena tehnologija, Sestrinstvo (u organizaciji Fakulteta zdravstvenih studija Sveučilišta u Rijeci), Sigurnost i zaštita, Strojarstvo, Tekstilstvo, Ugostiteljstvo; i tri specijalistička diplomska stručna studija: Poslovno upravljanje, Sigurnost i zaštita te Strojarstvo.",blue,45.49416130133777,15.555187846560752,https://turing.lzmk.hr/tehnika/wp-content/uploads/2018/11/HTE_1638.jpg,https://turing.lzmk.hr/tehnika/veleuciliste-u-karlovcu/,Ustanove,Visokoškolske ustanove
Veleučilište u Rijeci,"Visokoobrazovna ustanova, osnovana 1998. u Rijeci koja provodi devet preddiplomskih stručnih studija: Informatika, Poduzetništvo, Cestovni promet, Željeznički promet, Poštanski promet, Sigurnost na radu, Vinarstvo, Mediteranska poljoprivreda i Telematika, te pet specijalističkih diplomskih stručnih studija: Informacijske tehnologije u poslovnim sustavima, Poduzetništvo, Promet, Sigurnost na radu i Vinarstvo.",blue,45.338324208709714,14.4242821250335,,https://turing.lzmk.hr/tehnika/veleuciliste-u-rijeci/,Ustanove,Visokoškolske ustanove
Veleučilište u Slavonskom Brodu,"Visokoobrazovna ustanova, osnovana je 2006. koja provodi tri preddiplomska stručna studija: Proizvodno strojarstvo, Bilinogojstvo i Menadžment, te tri specijalistička diplomska stručna studija: Energetika, Ekološka poljoprivreda i ruralni razvoj te Menadžment.",blue,45.16554871593888,18.009278567548296,https://turing.lzmk.hr/tehnika/wp-content/uploads/2018/11/HTE_1636.jpg,https://turing.lzmk.hr/tehnika/veleuciliste-u-slavonskom-brodu/,Ustanove,Visokoškolske ustanove
Veleučilište u Šibeniku,"Visokoobrazovna ustanova osnovana 2006. koja provodi specijalistički diplomski stručni studij Menadžment i tri studija na preddiplomskoj razini: Menadžment sa smjerovima Turistički menadžment i Informatički menadžment, Promet sa smjerovima Cestovni promet i Poštanski promet te Upravni studij.",blue,43.729294290879494,15.904613273050549,,https://turing.lzmk.hr/tehnika/veleuciliste-u-sibeniku/,Ustanove,Visokoškolske ustanove
Vindija d. d.,Prehrambeno poduzeće osnovano 1959. u Varaždinu.,blue,46.29333476173158,16.347454022652222,https://turing.lzmk.hr/tehnika/wp-content/uploads/2022/03/HTE2_3004.jpg,https://turing.lzmk.hr/tehnika/vindija-d-d/,Poduzeća,
Visoka škola za sigurnost,"Visokoobrazovna ustanova, osnovana 1997. u Zagrebu, koja provodi preddiplomski stručni studij i specijalistički diplomski stručni studij u području osposobljavanja za sigurnost i zaštitu ljudi, materijalnih dobara i okoliša.",blue,45.790378152370295,15.95752508116698,https://turing.lzmk.hr/tehnika/wp-content/uploads/2018/11/HTE_1631.jpg,https://turing.lzmk.hr/tehnika/visoka-skola-za-sigurnost/,Ustanove,Visokoškolske ustanove
Gradski muzej Karlovac,Opći muzej osnovan 1904. koji daje prikaz karlovačkoga prirodnog i kulturno-povijesnoga krajolika od najstarijih razdoblja do danas.,blue,45.4938337588931,15.554042885654836,https://turing.lzmk.hr/tehnika/wp-content/uploads/2018/01/HTE_0063.jpg,https://turing.lzmk.hr/tehnika/gradski-muzej-karlovac/,Muzeji,Opći – gradski
Vojni muzej MORH-a,"Specijalizirani muzej sa sjedištem u Zagrebu osnovan 1997. koji se bavi poviješću Domovinskoga rata i vojnom poviješću područja Hrvatske u XX. st., a djeluje kao samostalna jedinica u sastavu Ministarstva obrane RH (MORH).",blue,45.81452968974722,15.93822901867383,,https://turing.lzmk.hr/tehnika/vojni-muzej-morh-a/,Muzeji,Specijalizirani – ostalo
Zagrebačka pivovara d. o. o.,Poduzeće za proizvodnju piva i  bezalkoholnih pića osnovano 1892. u Zagrebu.,blue,45.813666713816566,15.94624238804751,https://turing.lzmk.hr/tehnika/wp-content/uploads/2020/03/HTE2_0530.jpg,https://turing.lzmk.hr/tehnika/zagrebacka-pivovara-d-d/,Poduzeća,
Zračna luka Dubrovnik d. o. o.,Dubrovačka zračna luka osnovana kraj naselja Čilipi u Konavlima 1962.,blue,42.560272895426394,18.262181146481367,https://turing.lzmk.hr/tehnika/wp-content/uploads/2018/11/HTE_1680.jpg,https://turing.lzmk.hr/tehnika/zracna-luka-dubrovnik/,Poduzeća,
Zračna luka Split d. o. o.,"Splitska zračna luka u predjelu Resnik, zapadno od Kaštel Štafilića, osnovana 1966.",blue,43.536694777132375,16.299018520133615,https://turing.lzmk.hr/tehnika/wp-content/uploads/2018/11/HTE_1723.jpg,https://turing.lzmk.hr/tehnika/zracna-luka-split/,Poduzeća,
Zvijezda plus d. o. o.,"Poduzeće za proizvodnju i preradbu ulja, trgovinu i usluge, osnovano 1916. u Zagrebu pod nazivom Prva hrvatska tvornica ulja d. d.",blue,45.80110669897373,16.03738802216861,https://turing.lzmk.hr/tehnika/wp-content/uploads/2020/09/HTE2_0923.jpg,https://turing.lzmk.hr/tehnika/zvijezda-zagreb/,Poduzeća,
Hrvatski povijesni muzej,"Muzejska institucija s temeljnom zadaćom prikupljanja, čuvanja i komuniciranja nacionalne kulturno-povijesne baštine od ranoga srednjeg vijeka do danas, osnovana ujedinjenjem Povijesnoga muzeja Hrvatske i Muzeja revolucije naroda Hrvatske u Zagrebu 1991.",blue,45.816063608583974,15.97238790777871,https://turing.lzmk.hr/tehnika/wp-content/uploads/2018/11/HTE_1028.jpg,https://turing.lzmk.hr/tehnika/hrvatski-povijesni-muzej/,Muzeji,Specijalizirani – povijesni
Zavod za pomorsku medicinu,"Danas ustrojstvena cjelina Vojnog zdravstvenog središta Zapovjedništva za potporu, koja obavlja preventivnomedicinsku, kurativnu i nastavnu djelatnostu, a u početku Higijensko-epidemiološki institut osnovan 1954.",blue,43.50650100090643,16.46821441905119,https://turing.lzmk.hr/tehnika/wp-content/uploads/2018/11/HTE_1722.jpg,https://turing.lzmk.hr/tehnika/zavod-za-pomorsku-medicinu/,Ustanove,Zavodi
Sveučilište Sjever,Visokoobrazovna ustanova u Koprivnici i Varaždinu osnovana 2014.,blue,46.174122485527896,16.842367651068045,https://turing.lzmk.hr/tehnika/wp-content/uploads/2018/11/HTE_1533.jpg,https://turing.lzmk.hr/tehnika/sveuciliste-sjever/,Ustanove,Visokoškolske ustanove
Veleučilište Velika Gorica,"Visokoobrazovna ustanova, osnovana 2003., koja provodi pet preddiplomskih stručnih i tri specijalistička diplomska stručna studija.",blue,45.714449966342904,16.073924511288368,,https://turing.lzmk.hr/tehnika/veleuciliste-velika-gorica/,Ustanove,Visokoškolske ustanove
Đuro Đaković Centar za istraživanje i razvoj d. o. o.,Znanstvenoistraživačka ustanova osnovana 1961. u Slavonskome Brodu kao Institut za naučno-istraživački rad Đuro Đaković.,blue,45.165096936717816,18.013558674993533,https://turing.lzmk.hr/tehnika/wp-content/uploads/2018/11/HTE_1197.jpg,https://turing.lzmk.hr/tehnika/duro-dakovic-centar-za-istrazivanje-i-razvoj/,Ustanove,Instituti
Autobusni kolodvor Zagreb,Prometno poduzeće osnovano 1961. u Zagrebu.,blue,45.80405903534865,15.993314914970295,https://turing.lzmk.hr/tehnika/wp-content/uploads/2018/06/HTE_1068.jpg,https://turing.lzmk.hr/tehnika/autobusni-kolodvor-zagreb-2/,Poduzeća,
Muzej betinske drvene brodogradnje,"Muzej posvećen lokalnoj tradicijskoj drvenoj brodogradnji, posebice umijeću gradnje gajete betinke, osnovan u Betini na Murteru 2015.",blue,43.823241513015475,15.60413881506865,https://turing.lzmk.hr/tehnika/wp-content/uploads/2017/12/HTE_0594.jpg,https://turing.lzmk.hr/tehnika/muzej-betinske-drvene-brodogradnje/,Muzeji,Specijalizirani – etnografski
Mornarička knjižnica u Puli,"Knjižnica osnovana 1802. u Veneciji, pri vrhovnome zapovjedništvu austrijske ratne mornarice, koja je u Puli djelovala 1866−1918.",blue,44.86723332201443,13.845236383039062,https://turing.lzmk.hr/tehnika/wp-content/uploads/2018/05/HTE_0979.jpg,https://turing.lzmk.hr/tehnika/mornaricka-knjiznica-u-puli/,Ustanove,
Gradski muzej Korčula,Muzej povijesne i kulturne baštine grada i otoka Korčule osnovan 1957.,blue,42.96149689750109,17.13590421634109,https://turing.lzmk.hr/tehnika/wp-content/uploads/2018/01/HTE_0551.jpg,https://turing.lzmk.hr/tehnika/gradski-muzej-korcula/,Muzeji,Opći – gradski
Mornarička zvjezdarnica u Puli,Zvjezdarnica osnovana 1869. u Puli kao dio Hidrografskoga zavoda austrougarske ratne mornarice.,blue,44.86558390464254,13.846041139742884,https://turing.lzmk.hr/tehnika/wp-content/uploads/2018/05/IE_1820.jpg,https://turing.lzmk.hr/tehnika/mornaricka-zvjezdarnica-u-puli/,Ustanove,
Zračna luka Franjo Tuđman,"Zagrebačka međunarodna zračna luka, koja se nalazi na području gradske četvrti Pleso grada Velike Gorice, osnovana 1961.",blue,45.74147585695003,16.080290018748418,https://turing.lzmk.hr/tehnika/wp-content/uploads/2018/09/HTE_1054.jpg,https://turing.lzmk.hr/tehnika/zracna-luka-franjo-tudman/,Poduzeća,
Hrvatsko vojno učilište Dr. Franjo Tuđman,Glavna vojna školska i znanstvenoistraživačka ustanova Oružanih snaga RH (OSRH) osnovana 1991. kao Časnički centar Hrvatske vojske.,blue,45.814518051406395,15.93813664453429,https://turing.lzmk.hr/tehnika/wp-content/uploads/2018/11/HTE_1263.jpg,https://turing.lzmk.hr/tehnika/hrvatsko-vojno-uciliste-dr-franjo-tudman/,Ustanove,Visokoškolske ustanove
Muzej oldtimera Presečki,Zbirka starodobnih vozila otvorena za javnost 2017. u Krapini.,blue,46.15337635698596,15.87393879011899,https://turing.lzmk.hr/tehnika/wp-content/uploads/2018/11/HTE_1386.jpg,https://turing.lzmk.hr/tehnika/muzej-oldtimera-presecki/,Muzeji,
Ekomuzej Mošćenička Draga,"Ekomuzej osnovan 2012. u Mošćeničkoj Dragi, koji čuva, obrađuje i predstavlja maritimnu baštinu toga dijela Istre.",blue,45.23923928070016,14.253371167627357,https://turing.lzmk.hr/tehnika/wp-content/uploads/2018/11/HTE_1204.jpg,https://turing.lzmk.hr/tehnika/ekomuzej-moscenicka-draga/,Muzeji,Specijalizirani – etnografski
Hrvatski muzej medicine i farmacije,"Specijalizirani muzej hrvatske medicinske i farmaceutske baštine, osnovan 2014. u Zagrebu kao dio Hrvatske akademije znanosti i umjetnosti.",blue,45.80973576880805,15.972036987109401,https://turing.lzmk.hr/tehnika/wp-content/uploads/2019/07/HTE2_0006.jpg,https://turing.lzmk.hr/tehnika/hrvatski-muzej-medicine-i-farmacije/,Muzeji,
Agencija za lijekove i medicinske proizvode,"Ustanova RH koja obavlja poslove vezane uz odobravanje i primjenu lijekova, medicinskih proizvoda i homeopatskih lijekova te veterinarsko-medicinskih proizvoda.",blue,45.835985897823925,15.978621842971055,https://turing.lzmk.hr/tehnika/wp-content/uploads/2021/03/HTE2_1712.jpg,https://turing.lzmk.hr/tehnika/agencija-za-lijekove-i-medicinske-proizvode/,Ustanove,Upravna tijela
Fakultet kemijskog inženjerstva i tehnologije,"Visokoškolska i znanstvenoistraživačka ustanova Sveučilišta u Zagrebu, koja izvodi sveučilišne studije u znanstvenim poljima kemijskog inženjerstva  i kemije.",blue,45.80705570333475,15.970603128314416,https://turing.lzmk.hr/tehnika/wp-content/uploads/2019/05/HTE2_0025.jpg,https://turing.lzmk.hr/tehnika/fakultet-kemijskog-inzenjerstva-i-tehnologije/,Ustanove,
Fakultet agrobiotehničkih znanosti Osijek,Visokoškolska i znanstvena ustanova u sastavu Sveučilišta u Osijeku.,blue,45.555788625381474,18.70714063280766,https://turing.lzmk.hr/tehnika/wp-content/uploads/2021/03/HTE2_1787.jpg,https://turing.lzmk.hr/tehnika/fakultet-agrobiotehnickih-znanosti-u-osijeku/,Ustanove,
Hrvatska agencija za poljoprivredu i hranu,"Državna agencija nadležna za istraživanja u polju poljoprivrede i srodnim poljima, zaštitu tla i bilja, sjemenarstvo i rasadničarstvo, vinogradarstvo, vinarstvo, uljarstvo, voćarstvo, povrćarstvo, stočarstvo, kontrolu kvalitete stočarskih proizvoda i sigurnosti hrane.",blue,45.53756414715363,18.67227945146746,https://turing.lzmk.hr/tehnika/wp-content/uploads/2021/09/HTE2_2259.jpg,https://turing.lzmk.hr/tehnika/hrvatska-agencija-za-poljoprivredu-i-hranu/,Ustanove,
Jadran – galenski laboratorij d. d.,Poduzeće za proizvodnju i promet farmaceutskih i kozmetičkih proizvoda osnovano 1991. u Rijeci,blue,45.34730245935239,14.465446689572339,https://turing.lzmk.hr/tehnika/wp-content/uploads/2021/09/HTE2_2297.jpg,https://turing.lzmk.hr/tehnika/jadran-galenski-laboratorij-d-d/,Poduzeća,
Prima Commerce d. o. o.,Poduzeće za proizvodnju i trgovinu namještajem osnovano 1995. u Bjelovaru,blue,45.893191390930994,16.850230129527098,https://turing.lzmk.hr/tehnika/wp-content/uploads/2022/02/HTE2_2885.jpg,https://turing.lzmk.hr/tehnika/prima-commerce-d-o-o/,Poduzeća,
Coca-Cola HBC Hrvatska d. o. o.,"Poduzeće za proizvodnju, prodaju i distribuciju pića, sa sjedištem u Zagrebu.",blue,45.79578381672943,16.009887161943684,https://turing.lzmk.hr/tehnika/wp-content/uploads/2021/07/HTE2_2141.jpg,https://turing.lzmk.hr/tehnika/coca-cola-hbc-hrvatska-d-o-o/,Poduzeća,
BICRO BIOCentar d. o. o.,Inkubacijski centar za bioznanosti i komercijalizaciju tehnologije otvoren 2015. u Zagrebu.,blue,45.81085662298219,16.03968228371227,https://turing.lzmk.hr/tehnika/wp-content/uploads/2020/11/HTE2_1219-1.jpg,https://turing.lzmk.hr/tehnika/biocentar/,Ustanove,
Visoko gospodarsko učilište u Križevcima,,blue,46.027455754906256,16.553570772109445,https://turing.lzmk.hr/tehnika/wp-content/uploads/2022/02/HTE2_2839.jpg,https://turing.lzmk.hr/tehnika/visoko-gospodarsko-uciliste-u-krizevcima/,Ustanove,Visokoškolske ustanove
Veleučilište Marko Marulić u Kninu,"Visokoobrazovna ustanova osnovana 2005. u Kninu koja izvodi preddiplomske stručne studije i specijalistički
diplomski stručni studij.",blue,44.034978742104826,16.196263160274444,https://turing.lzmk.hr/tehnika/wp-content/uploads/2022/03/HTE2_2968.jpg,https://turing.lzmk.hr/tehnika/veleuciliste-marko-marulic/,Ustanove,Visokoškolske ustanove
Veleučilište u Požegi,,blue,45.334826051452396,17.680260692128105,https://turing.lzmk.hr/tehnika/wp-content/uploads/2022/03/HTE2_2957.jpg,https://turing.lzmk.hr/tehnika/veleuciliste-u-pozegi/,Ustanove,Visokoškolske ustanove
Lipik Glas d. o. o.,Poduzeće za proizvodnju stakla osnovano 1961. u Lipiku.,blue,45.41146872031485,17.151867975390765,https://turing.lzmk.hr/tehnika/wp-content/uploads/2022/01/HTE2_2790.jpg,https://turing.lzmk.hr/tehnika/lipik-glas-d-o-o/,Poduzeća,
Željezara Sisak,"Poduzeće za proizvodnju čeličnih proizvoda sa sjedištem u Sisku, osnovano 1939.",blue,45.45670812344044,16.393861767562104,https://turing.lzmk.hr/tehnika/wp-content/uploads/2021/05/HTE2_1954.jpg,https://turing.lzmk.hr/tehnika/zeljezara-sisak-2/,Poduzeća,
Sladorana d. o. o.,Tvornica za proizvodnju i preradbu šećera.,blue,45.08784983183213,18.69089710652027,,https://turing.lzmk.hr/tehnika/sladorana-tvornica-secera/,Poduzeća,
Rafinerija nafte Rijeka,Poduzeće za preradbu nafte osnovano 1882; treća po starosti djelatna rafinerija na europskom kontinentu.,blue,45.28575609994249,14.53393978124338,https://turing.lzmk.hr/tehnika/wp-content/uploads/2021/06/HTE2_2088.jpg,https://turing.lzmk.hr/tehnika/rafinerija-nafte-rijeka/,Poduzeća,
Rafinerija nafte Sisak,Poduzeće za preradbu nafte osnovano 1927. u Sisku.,blue,45.452283496849525,16.406614966810437,https://turing.lzmk.hr/tehnika/wp-content/uploads/2021/05/HTE2_1933.jpg,https://turing.lzmk.hr/tehnika/rafinerija-nafte-sisak/,Poduzeća,
Škola primijenjene umjetnosti i dizajna,"Umjetnička srednja škola osnovana 1882. u Zagrebu, jedna od najstarijih srednjih škola u Hrvatskoj.",blue,45.809641365850766,15.968665780439734,https://turing.lzmk.hr/tehnika/wp-content/uploads/2022/03/HTE2_2960.jpg,https://turing.lzmk.hr/tehnika/skola-primijenjene-umjetnosti-i-dizajna/,Ustanove,škole
JGL Muzej farmacije,Specijalizirani povijesni muzej hrvatske i svjetske povijesti farmacije.,blue,45.32654695880041,14.44499688422566,https://turing.lzmk.hr/tehnika/wp-content/uploads/2021/09/HTE2_2317.jpg,https://turing.lzmk.hr/tehnika/jgl-muzej-farmacije/,Muzeji,Specijalizirani – povijesni
Krčki most,"Most koji spaja otok Krk s hrvatskom obalom; izgrađen 1980. Svojedobno most s najvećim armirano betonskim lukom na svijet, od kopna do otočića Sveti Marko, raspona 390 m.",blue,45.24663287504568,14.569018639493365,https://turing.lzmk.hr/tehnika/wp-content/uploads/2023/01/HTE3_0029.jpg,https://turing.lzmk.hr/tehnika/krcki-most/,Objekti,Mostovi
Amfiteatar u Puli,"Jedan od najvećih i najbolje očuvanih rimskih amfiteatara u svijetu; vanjskih je izmjera 132,5 m × 105,1 m, a mogao je primiti 25 000 gledatelja. Njegova je gradnja potrajala cijelo I. st.",blue,44.87320301239875,13.850234599987694,https://turing.lzmk.hr/tehnika/wp-content/uploads/2023/06/HTE3_0125.jpg,https://turing.lzmk.hr/tehnika/amfiteatar-u-puli/,Objekti,Sportska arhitektura
Kupalište Angiolina,Prvo javno kupalište s kupališnom zgradom u Opatiji.,blue,45.33505138243206,14.308524299439075,https://turing.lzmk.hr/tehnika/wp-content/uploads/2023/08/HTE3_0175.jpg,https://turing.lzmk.hr/tehnika/kupaliste-angiolina/,Objekti,Sportska arhitektura
Sportsko-rekreacijski centar Šalata,Jedan od prvih suvremenih sportsko-rekreacijskih centara u Hrvatskoj.,blue,45.81582264982657,15.984668660418773,https://turing.lzmk.hr/tehnika/wp-content/uploads/2023/02/HTE3_0022.jpg,https://turing.lzmk.hr/tehnika/sportski-centar-salata/,Objekti,
Maksimirski stadion,"Središnji zagrebački nogometni stadion, jedno od najznačajnijih djela sportske arhitekture svoga doba. Pokraj ulaza u Maksimirski perivoj izgrađen je 1912. stadion HAŠK-a, na čijem je mjestu 1953–55. izgrađen novi stadion (projektanti: V. Turina, F. Neidhardt, E. Erlich). Istočna tribina dograđena je 1961 (isti autori uz B. Magaša), južna 1965–69 (B. Tušek), stadion je adaptiran 1987., a 1997. započela je njegova temeljita rekonstrukcija (B. Kincl, N. Filipović).",blue,45.818875055795566,16.018060371272945,https://turing.lzmk.hr/tehnika/wp-content/uploads/2023/09/HTE3_0214.jpg,https://turing.lzmk.hr/tehnika/maksimirski-stadion/,Objekti,
Zimsko plivalište Mladost,"Jedna od prvih suvremenih zatvorenih sportsko-rekreacijskih građevina u Hrvatskoj i dugo vremena jedini zagrebački bazen u zatvorenom. Izgrađeno je 1958 (F. Bahovec, B. Tušek, V. Antolić).",blue,45.80640633131127,15.951776584659438,https://turing.lzmk.hr/tehnika/wp-content/uploads/2023/02/HTE3_0021.jpg,https://turing.lzmk.hr/tehnika/zimsko-plivaliste-mladost/,Objekti,
Športski centar Bazeni Poljud,"Kompleks sportskih sadržaja u Splitu, od kojih je središnji zatvoreno plivalište inovativne viseće konstrukcije. Izgrađen je 1979. (I. Antić)",blue,43.521875659895684,16.431358842754843,https://turing.lzmk.hr/tehnika/wp-content/uploads/2023/08/HTE3_0181.jpg,https://turing.lzmk.hr/tehnika/sportski-centar-bazeni-poljud/,Objekti,Sportska arhitektura
Gradski stadion Poljud,"Nogometni i atletski stadion u Splitu; djelo je vrhunske svjetske sportske arhitekture, s rekordnim rasponom prostorne rešetkaste konstrukcije Mero. Izgrađen je 1979 (projektant: B. Magaš).",blue,43.520188609413864,16.43177086931151,https://turing.lzmk.hr/tehnika/wp-content/uploads/2023/08/HTE3_0181.jpg,https://turing.lzmk.hr/tehnika/gradski-stadion-poljud/,Objekti,Sportska arhitektura
Dvorana Krešimira Ćosića,Središnja građevina Sportskoga centra Višnjik u Zadru.,blue,44.11924626201712,15.245004925055849,https://turing.lzmk.hr/tehnika/wp-content/uploads/2023/08/HTE3_0171.jpg,https://turing.lzmk.hr/tehnika/dvorana-kresimira-cosica/,Objekti,Sportska arhitektura
Arena Zagreb,"Najveća sportska dvorana u Hrvatskoj; može primiti 15 000–24 000 gledatelja, a natkrivena je inovativnom visećom konstrukcijom raspona 110 m. Izgrađena je 2008 (projektant: UPI-2M).",blue,45.771279601676596,15.943615815553683,https://turing.lzmk.hr/tehnika/wp-content/uploads/2023/08/HTE3_0178.jpg,https://turing.lzmk.hr/tehnika/arena-zagreb/,Objekti,Sportska arhitektura
Višenamjenska dvorana Žatika,Sportska dvorana u Poreču.,blue,45.22492970435891,13.607944400000001,https://turing.lzmk.hr/tehnika/wp-content/uploads/2023/08/HTE3_0185.jpg,https://turing.lzmk.hr/tehnika/visenamjenska-dvorana-zatika/,Objekti,Sportska arhitektura
Sveučilišni računski centar – SRCE,"Zgrada namjenski izgrađena za sjedište središnje informatičke i računalne ustanove hrvatske akademske i istraživačke zajednice u Trnju u Zagrebu oblikovno se većim dijelom oslanja na tradiciju internacionalnoga stila u arhitekturi. 
Izgrađen je 1972 (projektant: A. Dragomanović).",blue,45.792300,15.969636,https://turing.lzmk.hr/tehnika/wp-content/uploads/2023/07/LL_1598.jpg,https://turing.lzmk.hr/tehnika/sveucilisni-racunski-centar-srce/,Objekti,Poslovne zgrade
Poslovno-stambena zgrada Herzog u Zagrebu,"Jedan od najvažnijih primjera zagrebačke moderne, smještena u ulici Pod zidom tik do glavnoga gradskog trga. Građena je 1928–31 (Projektanti: I. Fischer, Z. Dumengjić).",blue,45.813663699158084,15.977364489431002,https://turing.lzmk.hr/tehnika/wp-content/uploads/2023/09/HTE3_0195.jpg,https://turing.lzmk.hr/tehnika/poslovno-stambena-zgrada-herzog-u-zagrebu/,Objekti,
"Novigrad, Fortica","Tvrđava na uzvisini iznad grada u Zadarskoj županiji. Nastala je kao liburnska ilirska gradina, u  XIII. st. bila je u posjedu ličko-krbavskih velikaša Gusića i Kurjakovića, koji su je preuredili kako bi zaštitili svoje imanje, a 1409. dolazi u posjed Mletačke republike, kada je pretvorena u kaštel.",blue,44.182738775416674,15.549786231419754,https://turing.lzmk.hr/tehnika/wp-content/uploads/2023/06/EUH_0369.jpg,https://turing.lzmk.hr/tehnika/novigrad-dalmatinski-tvrdava-fortica/,Objekti,Fortifikacijsko graditeljstvo
Nedinum,Ostatci ilirsko-rimskog naselja na vrhu brežuljka u blizini mjesta Nadin.,blue,44.07390890591728,15.498047564364231,https://turing.lzmk.hr/tehnika/wp-content/uploads/2023/06/HTE3_0121.jpg,https://turing.lzmk.hr/tehnika/nadin-nedinum/,Objekti,Fortifikacijsko graditeljstvo
Tvrđava Starigrad (Fortica),Ruševine utvrde na zapadnom vrhu omiške Dinare koji dominira Omišem i ušćem Cetine.,blue,43.44491046965452,16.699986177281502,https://turing.lzmk.hr/tehnika/wp-content/uploads/2023/05/EUH_0524.jpg,https://turing.lzmk.hr/tehnika/omis-tvrdava-starigrad-fortica/,Objekti,Fortifikacijsko graditeljstvo
Bribirska glavica,Arheološko nalazište s ostatcima naselja u Bribiru kraj Skradina.,blue,43.92683601759577,15.845954620337178,https://turing.lzmk.hr/tehnika/wp-content/uploads/2023/05/EUH_0064.jpg,https://turing.lzmk.hr/tehnika/bribir-varvaria/,Objekti,Fortifikacijsko graditeljstvo
"Ozalj, stari grad","Srednjovjekovna utvrda na stijeni nad rijekom Kupom, koja se spominje od XIII. st.",blue,45.61438258318942,15.470818893113826,https://turing.lzmk.hr/tehnika/wp-content/uploads/2023/08/HTE3_0177.jpg,https://turing.lzmk.hr/tehnika/ozalj-stari-grad/,Objekti,Fortifikacijsko graditeljstvo
Ružica grad,Ruševine srednjovjekovnoga grada iz XIII. st. smještene na brijegu zapadno od Orahovice.,blue,45.51659867110401,17.88591991436813,https://turing.lzmk.hr/tehnika/wp-content/uploads/2023/05/EUH_1445.jpg,https://turing.lzmk.hr/tehnika/ruzica-grad-velika-utvrda-orahovica/,Objekti,Fortifikacijsko graditeljstvo
Nezakcij (Vizače),"Arheološko nalazište na brežuljku Glavica kraj Valture, jedno od najvažnijih arheoloških nalazišta u Istri.",blue,44.91699311957944,13.9691819966679,https://turing.lzmk.hr/tehnika/wp-content/uploads/2023/06/HTE3_0122.jpg,https://turing.lzmk.hr/tehnika/vizace-nezakcium/,Objekti,Fortifikacijsko graditeljstvo
Zrin,Ruševine utvrđenog grada na južnim padinama Zrinske gore.,blue,45.19780784601016,16.36930977562934,https://turing.lzmk.hr/tehnika/wp-content/uploads/2023/05/EUH_0685.jpg,https://turing.lzmk.hr/tehnika/zrin/,Objekti,Fortifikacijsko graditeljstvo
Dvigrad,Ruševine srednjovjekovnoga grada u Limskoj dragi kraj Kanfanara.,blue,45.1382983898937,15.731882622169865,https://turing.lzmk.hr/tehnika/wp-content/uploads/2023/05/HTE3_0078.jpg,https://turing.lzmk.hr/tehnika/dvigrad/,Objekti,Fortifikacijsko graditeljstvo
"Vrana, stari grad",Ruševine srednjovjekovnog utvrđenog grada hrvatskih vladara iznad Vranskog jezera.,blue,43.95587718648208,15.549607854936994,https://turing.lzmk.hr/tehnika/wp-content/uploads/2023/05/EUH_0641.jpg,https://turing.lzmk.hr/tehnika/vrana-stari-grad/,Objekti,Fortifikacijsko graditeljstvo
Stonske zidine,Fortifikacijski sustav između Stona i Malog Stona.,blue,42.840440268449214,17.69563794028138,https://turing.lzmk.hr/tehnika/wp-content/uploads/2023/05/EUH_0332.jpg,https://turing.lzmk.hr/tehnika/ston-zidine/,Objekti,Fortifikacijsko graditeljstvo
Nehaj,Vojna utvrda u gradu Senju. Sagrađena je 1558. godina na brdu Trbušnjak pod nadzorom Ivana Lenkovića te Herbarda VIII. Auersperga.,blue,44.986633136340764,14.903482421929569,https://turing.lzmk.hr/tehnika/wp-content/uploads/2023/05/EUH_0361.jpg,https://turing.lzmk.hr/tehnika/nehaj/,Objekti,Fortifikacijsko graditeljstvo
Monkodonja,"Ostatci brončanodobne gradine smještene na eliptičnom brežuljku istočno od Rovinja, koja se ističe bedemima izgrađenima u tehnici suhozida.",blue,45.071503241394346,13.696092909647502,https://turing.lzmk.hr/tehnika/wp-content/uploads/2023/06/HTE3_0106.jpg,https://turing.lzmk.hr/tehnika/monkodonja/,Objekti,Fortifikacijsko graditeljstvo
"Sisak, stari grad",Tvrđava na jugoistočnom rubu grada Siska izgrađena 1544–50. radi obrane pokupskih posjeda zagrebačkog Kaptola.,blue,45.47073665277173,16.385815597355503,https://turing.lzmk.hr/tehnika/wp-content/uploads/2023/05/EUH_0489.jpg,https://turing.lzmk.hr/tehnika/sisak-stari-grad/,Objekti,Fortifikacijsko graditeljstvo
Šibenske utvrde,Niz povijesnih fortifikacijskih građevina koje su branile grad kao strateški važno vojno uporište i luku s mora i kopna.,blue,43.737910262786954,15.88887402938922,https://turing.lzmk.hr/tehnika/wp-content/uploads/2023/05/EUH_0565.jpg,https://turing.lzmk.hr/tehnika/sibenik-sveti-nikola/,Objekti,Fortifikacijsko graditeljstvo
Veliki Tabor,Utvrda na sjeverozapadu Hrvatske u mjestu Hum Košnički.,blue,46.15473397547184,15.65141855317434,https://turing.lzmk.hr/tehnika/wp-content/uploads/2023/05/EUH_1480.jpg,https://turing.lzmk.hr/tehnika/veliki-tabor/,Objekti,Fortifikacijsko graditeljstvo
Dioklecijanova palača,"Carska rezidencija u Splitu, koju je oko 300. podignuo rimski car Dioklecijan.",blue,43.50828205443241,16.440170106811127,https://turing.lzmk.hr/tehnika/wp-content/uploads/2023/06/Dioklecijan.jpg,https://turing.lzmk.hr/tehnika/dioklecijanova-palaca/,Objekti,Fortifikacijsko graditeljstvo
"Brijuni, bizantski kastrum","arheološko nalazište u uvali Dobrika na Velikom Brijunu, s ostatcima utvrđenog naselja koji svjedoče o kontinuitetu života od IV/V. do XIV. st.",blue,44.909911398960396,13.755827716702592,https://turing.lzmk.hr/tehnika/wp-content/uploads/2023/06/HTE3_0112.jpg,https://turing.lzmk.hr/tehnika/bizantski-kastrum-brijuni/,Objekti,Fortifikacijsko graditeljstvo
Dubrovačke zidine,Snažan fortifikacijski sustav koji okružuje grad Dubrovnik.,blue,42.641823177920124,18.10719490872481,https://turing.lzmk.hr/tehnika/wp-content/uploads/2023/06/HTE3_0116.jpg,https://turing.lzmk.hr/tehnika/dubrovacke-gradske-zidine-i-utvrde/,Objekti,Fortifikacijsko graditeljstvo
Burnum,Ostatci rimskog vojnog logora na području Ivoševaca kraj Knina. ,blue,44.01810962648687,16.025810634657766,https://turing.lzmk.hr/tehnika/wp-content/uploads/2023/06/HTE3_0114.jpg,https://turing.lzmk.hr/tehnika/burnum-ivosevci/,Objekti,Fortifikacijsko graditeljstvo
"Cetin, stari grad",Ruševine srednjovjekovne tvrđave južno od Cetingrada.,blue,45.13856290490117,15.732834236691378,https://turing.lzmk.hr/tehnika/wp-content/uploads/2023/05/EUH_0084.jpg,https://turing.lzmk.hr/tehnika/grad-cetin-cetingrad/,Objekti,Fortifikacijsko graditeljstvo
Garić grad,Ruševine jednog od najstarijih i najvećih srednjovjekovnih utvrđenih gradova u sjevernoj Hrvatskoj.,blue,45.63225452610567,16.756449217441848,https://turing.lzmk.hr/tehnika/wp-content/uploads/2023/05/EUH_0126.jpg,https://turing.lzmk.hr/tehnika/garic-grad/,Objekti,Fortifikacijsko graditeljstvo
"Ilok, utvrda",Velika srednjovjekovna fortifikacijska struktura koju je u XV. st. dao izgraditi Nikola Iločki kao sjedište obitelji.,blue,45.22416144544879,19.37456439668588,https://turing.lzmk.hr/tehnika/wp-content/uploads/2023/05/EUH_0173.jpg,https://turing.lzmk.hr/tehnika/ilocka-utvrda/,Objekti,Fortifikacijsko graditeljstvo
Veliki Kalnik,Ruševine utvrde na istočnom dijelu gore Kalnik.,blue,46.13462356609992,16.46396755938503,https://turing.lzmk.hr/tehnika/wp-content/uploads/2023/05/EUH_0616.jpg,https://turing.lzmk.hr/tehnika/veliki-kalnik-stari-grad/,Objekti,Fortifikacijsko graditeljstvo
"Vrboska, crkva-tvrđava","Crkva sv. Marije od milosrđa podignuta u 15. st., utvrđena nakon osmanske pljačke grada 1571. Spada među najljepše primjere crkvi-tvrđava u Hrvatskoj.",blue,43.18083981667975,16.671721237714774,https://turing.lzmk.hr/tehnika/wp-content/uploads/2023/05/EUH_0646.jpg,https://turing.lzmk.hr/tehnika/vrboska-crkva-tvrdava/,Objekti,Fortifikacijsko graditeljstvo
"Klis, tvrđava",Srednjovjekovna utvrda na goloj hridi koja je nadzirala prijevoj preko kojega je od antike išao put između Splita i unutrašnjosti. Izgrađena je kao sjedište hrvatskih vladara u IX. st.,blue,43.56036371602138,16.520301018673834,https://turing.lzmk.hr/tehnika/wp-content/uploads/2023/05/EUH_0234.jpg,https://turing.lzmk.hr/tehnika/klis/,Objekti,Fortifikacijsko graditeljstvo
Ključica,Najveća srednjovjekovna utvrda na području Drniša.,blue,43.83131034422544,16.031214678875244,https://turing.lzmk.hr/tehnika/wp-content/uploads/2023/05/EUH_0240.jpg,https://turing.lzmk.hr/tehnika/tvrdava-kljucica/,Objekti,Fortifikacijsko graditeljstvo
"Osijek, Tvrđa","Fortifikacijski sustav s nizom vojnih, civilnih i crkvenih zgrada, nastao u XVIII. st. gradnjom modernizirane tvrđave s bastionima.",blue,45.55930154390576,18.697813482027268,https://turing.lzmk.hr/tehnika/wp-content/uploads/2023/06/EUH_1286.jpg,https://turing.lzmk.hr/tehnika/osijek-utvrdenja/,Objekti,Fortifikacijsko graditeljstvo
Kninska tvrđava,"Jedna od najvećih srednjovjekovnih utvrda u Dalmaciji, smještena na vršnom dijelu brda Spas.",blue,44.03438722960989,16.193434167780673,https://turing.lzmk.hr/tehnika/wp-content/uploads/2023/05/EUH_0248.jpg,https://turing.lzmk.hr/tehnika/kninska-tvrdava/,Objekti,Fortifikacijsko graditeljstvo
Medvedgrad,"Jedna od najvećih hrvatskih plemićkih srednjovjekovnih utvrda, izgrađena u XIII. st. na južnim obroncima Medvednice.",blue,45.869553438937594,15.94073175439622,https://turing.lzmk.hr/tehnika/wp-content/uploads/2023/05/EUH_0346.jpg,https://turing.lzmk.hr/tehnika/medvedgrad/,Objekti,Fortifikacijsko graditeljstvo
"Modruš, grad Tržan","Ruševine srednjovjekovne utvrde na brežuljku iznad utvrđenog grada, u kojoj je od XIV. st. bilo obiteljsko sjedište Frankapana.",blue,45.14922993757454,15.246577098534418,https://turing.lzmk.hr/tehnika/wp-content/uploads/2023/05/EUH_0352.jpg,https://turing.lzmk.hr/tehnika/trzan-grad-modrus/,Objekti,Fortifikacijsko graditeljstvo
"Varaždin, Stari grad",Srednjovjekovna utvrda u sjeverozapadnom dijelu povijesne jezgre Varaždina.,blue,46.31050171246686,16.33431551534288,https://turing.lzmk.hr/tehnika/wp-content/uploads/2023/05/HTE3_0072.jpg,https://turing.lzmk.hr/tehnika/varazdin-stari-grad/,Objekti,Fortifikacijsko graditeljstvo
"Dubovac, stari grad",Srednjovjekovna utvrda iz XIII st. u sjeverozapadnom dijelu Karlovca.,blue,45.49577510830189,15.528031015340563,https://turing.lzmk.hr/tehnika/wp-content/uploads/2023/05/EUH_0114.jpg,https://turing.lzmk.hr/tehnika/dubovac-stari-grad/,Objekti,Fortifikacijsko graditeljstvo
Gradske zidine Zadar,"Fortifikacijski sustav središta grada izgrađen u XII. i XIII. st., kojega je Mletačka Republika dodatno ojačala i pretvorila u bastionski sustav u XVI. st.",blue,44.112160733119126,15.228479462978564,https://turing.lzmk.hr/tehnika/wp-content/uploads/2023/06/HTE3_0131.jpg,https://turing.lzmk.hr/tehnika/gradske-zidine-zadar/,Objekti,Fortifikacijsko graditeljstvo
Zagrepčanka,"Poslovni neboder sagrađen 1969–1976. na križanju Savske ceste i Vukovarske ulice. Sa 30 katova, odn. 95 m visine neko je vrijeme bio najviša zgrada u Zagrebu.",blue,45.798408463981254,15.962405420307844,,https://turing.lzmk.hr/tehnika/zagrepcanka/,Objekti,Betonske konstrukcije
